RMSE,MAE,MAPE (%),R2
556.5999628966923,221.29330228977017,11.146975553888645,0.9647927081942697
