RMSE,MAE,MAPE (%),R2
2663.1923997318536,1553.0264326886434,19.20220289547199,0.7242580202699639
