RMSE,MAE,MAPE (%),R2
2220.0254082577035,1462.1538584722146,116.97783388290503,0.4399043964493764
